{"coordinate_system": [625.0, 875.0, 1125.0, 1375.0, 1625.0, 1875.0, 2125.0, 2375.0, 2625.0, 2875.0, 3125.0, 3375.0, 3625.0, 3875.0, 4125.0, 4375.0, 4625.0, 4875.0, 5125.0, 5375.0, 5625.0, 5875.0, 6125.0, 6375.0, 6625.0, 6875.0, 7125.0, 7375.0, 7625.0, 7875.0, 8125.0, 8375.0, 8625.0, 8875.0, 9125.0, 9375.0, 9625.0, 9875.0, 10125.0, 10375.0, 10625.0, 10875.0, 11125.0, 11375.0, 11625.0, 11875.0, 12125.0, 12375.0, 12625.0, 12875.0, 13125.0, 13375.0, 13625.0, 13875.0, 14125.0, 14375.0, 14625.0, 14875.0, 15125.0, 15375.0, 15625.0, 15875.0, 16125.0, 16375.0, 16625.0, 16875.0, 17125.0, 17375.0, 17625.0, 17875.0, 18125.0, 18375.0, 18625.0, 18875.0, 19125.0, 19375.0, 19625.0, 19875.0, 20125.0, 20375.0, 20625.0, 20875.0, 21125.0, 21375.0, 21625.0, 21875.0, 22125.0, 22375.0, 22625.0, 22875.0, 23125.0, 23375.0, 23625.0, 23875.0, 24125.0, 24375.0, 24625.0, 24875.0], "map": [0.6722222222222222, 0.7456098492078641, 0.9529478458049886, 0.9257179621087895, 0.956640172115886, 0.9500102539293628, 0.9452811018189987, 0.9414030035602479, 0.9526089999160279, 0.9763180134324503, 0.9692612969509066, 0.9639312688116343, 0.9840428188262876, 0.9652723055644175, 0.9593635730369419, 0.9743927011911658, 0.9636655808886051, 0.9755566666199452, 0.9635828154943022, 0.9705542577670787, 0.9639307507313122, 0.9747909686117452, 0.9713342134025339, 0.9706730866370047, 0.9638696997835081, 0.9768650852642777, 0.9542289685277654, 0.9498270479676441, 0.9448983840060518, 0.9369945265817957, 0.9603623247986208, 0.9601519833646415, 0.9514904218499975, 0.9478277228472571, 0.9578791459292062, 0.961122948059418, 0.9294414513439702, 0.9450876323012577, 0.9547972003990522, 0.9431356999315474, 0.9411727742371582, 0.9383785407343502, 0.9446532093590918, 0.943869906786872, 0.9440115199584481, 0.9300849788290193, 0.9501967903050581, 0.9560184107994916, 0.9453896192764366, 0.9374297727995478, 0.9389629198103124, 0.9422435916300135, 0.9571953781512605, 0.9280369442577295, 0.9450237883268854, 0.9387211194449906, 0.9524942646847967, 0.9476857296647248, 0.9347850461419036, 0.9309960577147767, 0.952021131538755, 0.939144890186731, 0.9467537156988005, 0.9389544633136161, 0.9474284113151876, 0.9362032264849139, 0.9513329647678807, 0.9239551355499829, 0.9431005059728751, 0.9404897386986947, 0.9504295401971244, 0.9181130212279677, 0.9330143540669856, 0.9144145122711468, 0.9058916615838521, 0.9122874526210364, 0.9531234803891425, 0.9336381661945958, 0.9239400355218713, 0.9395270999357762, 0.9318814054702557, 0.931275172961099, 0.9522049581521901, 0.9324707751155986, 0.9151156834286689, 0.9236140090826415, 0.9434690534601058, 0.9484766278917239, 0.9475986307782812, 0.9249436339888772, 0.9352528256989887, 0.9264366507175155, 0.9573739729632179, 0.9505994749245495, 0.9392731688216591, 0.917398244369052, 0.9040109095897376, 0.9010183460324277], "coordinate_name": "s2"}