{"coordinate_system": [3.0, 5.0, 7.0, 9.0, 11.0, 13.0, 15.0, 17.0, 19.0, 21.0, 23.0, 25.0, 27.0, 29.0, 31.0, 33.0, 35.0, 37.0, 39.0, 41.0, 43.0, 45.0, 47.0, 49.0, 51.0, 53.0, 55.0, 57.0, 59.0, 61.0, 63.0, 65.0, 67.0, 69.0, 71.0, 73.0, 75.0, 77.0, 79.0, 81.0, 83.0, 85.0, 87.0, 89.0, 91.0, 93.0, 95.0, 97.0, 99.0, 101.0, 103.0, 105.0, 107.0, 109.0, 111.0, 113.0, 115.0, 117.0, 119.0, 121.0, 123.0, 125.0, 127.0, 129.0, 131.0, 133.0, 135.0, 137.0, 139.0, 141.0, 143.0, 145.0, 147.0, 149.0, 151.0, 153.0, 155.0, 157.0, 159.0, 161.0, 163.0, 165.0, 167.0, 169.0, 171.0, 173.0, 175.0, 177.0, 179.0, 181.0, 183.0, 185.0, 187.0, 189.0, 191.0, 193.0, 195.0, 197.0, 199.0], "coord_type": "point", "map": [1.0, 0.9291521486643437, 0.8768115942028986, 0.9454669003708785, 0.8172165690204544, 0.9196339994331065, 0.7769773629148629, 0.7899547328606914, 0.8286017384978516, 0.9661016949152542, 0.888477801268499, 0.883569921023965, 0.8606810696304463, 0.9560493827160493, 0.8945210806153567, 0.9494447691408533, 0.931842479278554, 0.9101135959092528, 0.9550619834710744, 0.9437590711175616, 0.9155569007263922, 0.9055511463844796, 0.9162711659896232, 0.9379432624113475, 0.9323467230443975, 0.958767361111111, 0.9629629629629629, 0.8869223662373994, 0.9467532467532468, 0.9106642411131324, 0.9162711659896232, 0.9518143961927423, 0.9772727272727273, 0.8824809390645053, 0.9428691451375761, 0.933075031741873, 0.9188015631784628, 0.9196339994331065, 0.9611687812379853, 0.9454669003708785, 0.9008720631989329, 0.8725048010973938, 0.9242007511903705, 0.9714285714285714, 0.9447938504542278, 0.9014453696489282, 0.8616803278688524, 0.9004255319148936, 0.8491658307516133, 0.9227372549019607, 0.8948279489105936, 0.9184027777777779, 0.9227372549019607, 0.9110512129380054, 0.9352657004830918, 0.958767361111111, 0.9211715937974446, 1.0, 0.9772727272727273, 0.9827586206896551, 0.84375, 0.9217638691322901, 0.9607843137254902, 0.9199095225297858, 0.9106642411131324, 0.9256098582114546, 0.9444444444444444, 1.0, 0.9352657004830918, 0.9025, 0.9375, 0.9155569007263922, 0.958767361111111, 0.9772727272727273, 0.9307588166845685, 0.9476817042606516, 0.8296138475612692, 0.9743589743589743, 0.8788723428880059, 0.8643275801528778, 0.9565217391304348, 0.98, 0.9318181818181818, 0.9129406307977738, 0.9121433922717028, 0.9607843137254902, 0.9392006802721088, 0.9818181818181818, 0.9291521486643437, 0.878780829076687, 0.9795918367346939, 0.9392006802721088, 0.9658145065398335, 0.843010752688172, 0.9830508474576272, 0.8850900360144056, 0.9338383838383839, 0.9555555555555556, 0.9482863823146661], "coordinate_name": "s1"}