{
  "w": 0.014278601722796262,
  "fano": 0.059,
  "gas_gain": 31.3,
  "drift_velocity": 0.0677,
  "s2_threshold": 500.0,
  "field": 23.0,
  "nex_ni_ratio": 0.060128283124046285,
  "g1": 0.1471650336557177,
  "g2": 15.80179439147554,
  "p_dpe": 0.0007828815119556125,
  "elife_sigma": -0.2875924430756342,
  "s1_eff_3f_sigma": -0.22143444572091092,
  "s1_cut_acc_sigma": -3.9659214535284177,
  "s2_cut_acc_sigma": 4.985716118020383,
  "py0": 0.14834427429200447,
  "py1": 38.77652563936247,
  "py2": -0.5365524448190152,
  "py3": 3.6316619572247895,
  "py4": 0.29414291034068607,
  "rf0": 0.120322645394011,
  "rf1": 0.022735991124290436,
  "xe131m_er_rate": 3886.8242634256676,
  "xe131m_ac_rate": 1.7491650545170088
}