{
  "w": 0.017122864924642784,
  "fano": 0.059,
  "gas_gain": 31.3,
  "drift_velocity": 0.0677,
  "s2_threshold": 500.0,
  "field": 23.0,
  "nex_ni_ratio": 0.060054194540849065,
  "g1": 0.16187397038673612,
  "g2": 31.20431119583207,
  "p_dpe": 0.004164598168373954,
  "elife_sigma": -0.6598878177922057,
  "s1_eff_3f_sigma": 3.666913384715933,
  "s1_cut_acc_sigma": 3.8094982974939553,
  "s2_cut_acc_sigma": 4.9411554663232655,
  "py0": 0.336137735669424,
  "py1": 46.65294155808996,
  "py2": 0.06714746826249048,
  "py3": 4.873217791071433,
  "py4": 0.03970598338052786,
  "rf0": 0.027070298849512064,
  "rf1": 3.9394020746803666,
  "xe131m_er_rate": 4867.786588393052,
  "xe131m_ac_rate": 116.16519292174317
}