{
  "w": 0.013749650633572542,
  "fano": 0.059,
  "gas_gain": 29.4,
  "drift_velocity": 0.0677,
  "s2_threshold": 500.0,
  "field": 23.0,
  "nex_ni_ratio": 0.1791762029617344,
  "g1": 0.13664827730869247,
  "g2": 16.07348916385507,
  "p_dpe": 0.2144348514465236,
  "elife_sigma": 0.002994794556350308,
  "s1_eff_3f_sigma": -0.0798362960704247,
  "s1_cut_acc_sigma": -0.1533004977461605,
  "s2_cut_acc_sigma": -0.6616609043119218,
  "hits_acceptance": 0.9340306519043685,
  "py0": 0.18768567987871748,
  "py1": 60.52594018916396,
  "py2": -0.45914673490914004,
  "py3": 1.3450717192696569,
  "py4": 0.4761225328970582,
  "rf0": 0.028570674440450822,
  "rf1": 0.17483856550868887,
  "rn220_ac_rate": 36.418441224141915,
  "rn220_er_rate": 4713.385585132364
}
