{
  "w": 0.012068980763893537,
  "fano": 0.059,
  "gas_gain": 31.3,
  "drift_velocity": 0.0677,
  "s2_threshold": 500.0,
  "field": 23.0,
  "nex_ni_ratio": 0.16673899538105913,
  "g1": 0.16383188070556787,
  "g2": 20.17899708017949,
  "p_dpe": 0.001466950819411023,
  "elife_sigma": -0.15968372493182675,
  "s1_eff_3f_sigma": -4.986102231821042,
  "s1_cut_acc_sigma_rn220": 0.535526874746545,
  "s1_cut_acc_sigma_ar37": -4.800586689431658,
  "s2_cut_acc_sigma_rn220": -4.925140825346949,
  "s2_cut_acc_sigma_ar37": -4.893243665298788,
  "py0": 0.13421295182932907,
  "py1": 41.21908423866203,
  "py2": -0.2579920748180848,
  "py3": 1.3403297051140248,
  "py4": 0.26526495996735133,
  "rf0": 0.020163634013476275,
  "rf1": 1.6718034370915975,
  "rn220_er_rate": 5055.933847428338,
  "rn220_ac_rate": 3.5162738435084657,
  "ar37_er_rate": 669.5139243707517,
  "er_rate": 5055.933847428338,
  "s1_cut_acc_sigma": 0.535526874746545,
  "s2_cut_acc_sigma": -4.925140825346949
}